,Unnamed: 0,Unnamed: 0.1,Unnamed: 0.1.1,MTFCC,OID,GEOID,STATE,PLACE,PLACENS,BASENAME,NAME,LSADC,FUNCSTAT,PLACECC,AREALAND,AREAWATER,UR,CBSAPCI,NECTAPCI,CENTLAT,CENTLON,INTPTLAT,INTPTLON,Influence (km),Population,Radius,Strength
0,0,0,0,G4110,27890708082705,800760,8,760,2412339,Aguilar,Aguilar town,43,A,C1,1016074, , ,N,N,37.4036257,-104.6550363,37.4036257,-104.6550363,,,,
1,1,1,1,G4110,27890369186672,800925,8,925,2412340,Akron,Akron town,43,A,C1,7180126, , ,N,N,40.16266307,-103.211933,40.1634664,-103.220274,0.9,2046.0,1.0,0.1
2,2,2,2,G4110,2789086215986,801090,8,1090,2409673,Alamosa,Alamosa city,25,A,C1,19679400,191961, ,N,N,37.4751844,-105.8770252,37.4745281,-105.8769557,1.89,9441.0,2.0,1.0
3,3,3,3,G4110,27890708937391,801530,8,1530,2412350,Alma,Alma town,43,A,C1,1123142,5712, ,N,N,39.2859458,-106.067039,39.2861312,-106.0688927,,,,
4,4,4,4,G4110,278901016274879,802355,8,2355,2412370,Antonito,Antonito town,43,A,C1,1104639, , ,N,N,37.0762463,-106.0103317,37.0762463,-106.0103317,,,,
5,5,5,5,G4110,27890708277436,803235,8,3235,2411647,Arriba,Arriba town,43,A,C1,1292241, , ,N,N,39.2843261,-103.2740321,39.2843261,-103.2740321,,,,
6,6,6,6,G4110,27890700461495,803455,8,3455,2409737,Arvada,Arvada city,25,A,C1,100776151,1709022, ,N,N,39.8229655711,-105.111984867824,39.8337279,-105.1503061,8.4,118746.0,6.0,5.0
7,7,7,7,G4110,27890359717123,803620,8,3620,2409743,Aspen,Aspen city,25,A,C1,9991633, , ,N,N,39.1951251,-106.8367723,39.1951251,-106.8367723,2.64,7431.0,2.0,1.0
8,8,8,8,G4110,27890370836030,803950,8,3950,2411653,Ault,Ault town,43,A,C1,4476075, , ,N,N,40.5892953,-104.7391796,40.5892953,-104.7391796,0.75,1947.0,1.0,0.1
9,9,9,9,G4110,27890700461496,804000,8,4000,2409757,Aurora,Aurora city,25,A,C1,414734036,1488882, ,Y,N,39.726712718263,-104.832320922876,39.7036326,-104.720088,8.39,369111.0,8.0,6.0
10,10,10,10,G4110,27890337812523,804110,8,4110,2411658,Avon,Avon town,43,A,C1,21624929,193500, ,N,N,39.634921624014,-106.523523220269,39.6418914,-106.5158096,1.03,6539.0,2.0,1.0
11,11,11,11,G4110,27890337812524,804935,8,4935,2411665,Basalt,Basalt town,43,A,C1,5157911,20308, ,N,N,39.3733248304248,-107.078221597063,39.3581803,-107.018596,1.12,3847.0,1.0,0.1
12,12,12,12,G4110,27890375577547,805265,8,5265,2411667,Bayfield,Bayfield town,43,A,C1,4263830, , ,N,N,37.2340621,-107.595151,37.2340621,-107.595151,1.6,2640.0,1.0,0.1
13,13,13,13,G4110,27890700461497,806090,8,6090,2411676,Bennett,Bennett town,43,A,C1,15007850,15567, ,N,N,39.758707765344,-104.429530383736,39.7459901,-104.4428415,0.7,2358.0,1.0,0.1
14,14,14,14,G4110,27890352622238,806255,8,6255,2411681,Berthoud,Berthoud town,43,A,C1,33497140,347194, ,N,N,40.3064498797516,-105.080910241464,40.2846751,-104.9655149,1.43,7191.0,2.0,1.0
15,15,15,15,G4110,27890349123017,806530,8,6530,2411684,Bethune,Bethune town,43,A,C1,419628, , ,N,N,39.3038224,-102.4234144,39.3038224,-102.4234144,,,,
16,16,16,16,G4110,27890705932711,807025,8,7025,2409856,Black Hawk,Black Hawk city,25,A,C1,6870701, , ,N,N,39.8041451,-105.4948978,39.8041451,-105.4948978,,,,
17,17,17,17,G4110,27890101552512,807190,8,7190,2411696,Blanca,Blanca town,43,A,C1,4747007, , ,N,N,37.4392677,-105.5135437,37.4392677,-105.5135437,,,,
18,18,18,18,G4110,27890710510596,807410,8,7410,2411700,Blue River,Blue River town,43,A,C1,6379238,257862, ,N,N,39.4359361,-106.0351523,39.4484645,-106.0367769,,,,
19,19,19,19,G4110,27890710077591,807571,8,7571,2411706,Bonanza,Bonanza town,43,A,C1,1132548, , ,N,N,38.2966175,-106.1418689,38.2966175,-106.1418689,,,,
20,20,20,20,G4110,27890709497183,807795,8,7795,2411709,Boone,Boone town,43,A,C1,980974,25478, ,N,N,38.2494361,-104.258104,38.2505956,-104.2609901,,,,
21,21,21,21,G4110,27890701442014,807850,8,7850,2409883,Boulder,Boulder city,25,A,C1,68187535,2688980, ,Y,N,40.0247935,-105.2524248,40.0245328,-105.2527552,5.21,106392.0,6.0,5.0
22,22,22,22,G4110,27890707232790,808070,8,8070,2411713,Bow Mar,Bow Mar town,43,A,C1,1714310,389964, ,N,N,39.6251808,-105.051177,39.6265942,-105.0509145,,,,
23,23,23,23,G4110,27890708082706,808345,8,8345,2411720,Branson,Branson town,43,A,C1,634005, , ,N,N,37.0154927,-103.8837771,37.0154927,-103.8837771,,,,
24,24,24,24,G4110,27890710510597,808400,8,8400,2411722,Breckenridge,Breckenridge town,43,A,C1,15661117, , ,Y,N,39.4826738432685,-106.04021681393,39.4994701,-106.0432424,2.97,4938.0,1.0,0.1
25,25,25,25,G4110,27890370836032,808675,8,8675,2409911,Brighton,Brighton city,25,A,C1,55030320,747322, ,N,N,39.9865470203877,-104.812183111257,39.965699,-104.7941699,3.24,39836.0,3.0,2.0
26,26,26,26,G4110,27890705596516,809115,8,9115,2411733,Brookside,Brookside town,43,A,C1,1227447, , ,N,N,38.4134948,-105.1909453,38.4134948,-105.1909453,,,,
27,27,27,27,G4110,27890370836034,809280,8,9280,2409919,Broomfield,Broomfield city,25,A,C1,85386686,1502572, ,Y,N,39.920755693451,-105.088696084852,39.9535933,-105.0507868,4.25,67886.0,4.0,3.0
28,28,28,28,G4110,27890364470427,809555,8,9555,2409926,Brush,Brush city,25,A,C1,7331435,8269, ,N,N,40.2598819,-103.6323146,40.259263,-103.6363342,,,,
29,29,29,29,G4110,27890698298908,810105,8,10105,2411739,Buena Vista,Buena Vista town,43,A,C1,8941895, , ,N,N,38.8318506,-106.1386602,38.8318506,-106.1386602,,5395.0,2.0,1.0
30,30,30,30,G4110,27890349123020,810600,8,10600,2409946,Burlington,Burlington city,25,A,C1,5574629, , ,N,N,39.3041714,-102.2714662,39.3041714,-102.2714662,,5395.0,2.0,1.0
31,31,31,31,G4110,27890704503014,811260,8,11260,2413149,Calhan,Calhan town,43,A,C1,2143743, , ,N,N,39.0344469,-104.2994199,39.0344469,-104.2994199,,,,
32,32,32,32,G4110,27890100108165,811645,8,11645,2413155,Campo,Campo town,43,A,C1,373692, , ,N,N,37.1047115,-102.5787984,37.1047115,-102.5787984,,,,
33,33,33,33,G4110,2789014059008488,812030,8,12030,2803717,Carbonate,Carbonate town,43,A,C1,2569452,35903, ,N,N,39.7443043,-107.339142,39.7464619,-107.3401267,,,,
34,34,34,34,G4110,27890404901847,812045,8,12045,2413166,Carbondale,Carbondale town,43,A,C1,5236824, , ,N,N,39.3949502,-107.2147749,39.3949502,-107.2147749,,6785.0,2.0,1.0
35,35,35,35,G4110,278903017858646,812387,8,12387,2500981,Castle Pines,Castle Pines city,25,A,C1,24848762, , ,N,N,39.4624899,-104.8705846,39.4624899,-104.8705846,,6785.0,2.0,1.0
36,36,36,36,G4110,27890711656463,812415,8,12415,2413179,Castle Rock,Castle Rock town,43,A,C1,88810954, , ,N,N,39.3762443,-104.8534791,39.3762443,-104.8534791,,62417.0,4.0,3.0
37,37,37,37,G4110,27890705596517,811810,8,11810,2409976,CaÃ±on City,CaÃ±on City city,25,A,C1,32094886,31525, ,Y,N,38.4430197,-105.2202513,38.4418862,-105.2208995,,,,
38,38,38,38,G4110,27890332292864,812635,8,12635,2413184,Cedaredge,Cedaredge town,43,A,C1,5078434, , ,N,N,38.8940974,-107.9254853,38.8940974,-107.9254853,,2412.0,1.0,0.1
39,39,39,39,G4110,27890711290460,812815,8,12815,2409422,Centennial,Centennial city,25,A,C1,76976177,379304, ,Y,N,39.5925781,-104.867352,39.5905678,-104.8691178,,110218.0,6.0,5.0
40,40,40,40,G4110,27890362781405,812855,8,12855,2413186,Center,Center town,43,A,C1,2237502, , ,N,N,37.7512357,-106.1105641,37.7512357,-106.1105641,,2207.0,1.0,0.1
41,41,41,41,G4110,27890702628715,812910,8,12910,2409427,Central City,Central City city,25,A,C1,5593709,254, ,N,N,39.7946134,-105.5119453,39.7953686,-105.5089662,,6647.0,2.0,1.0
42,42,42,42,G4110,27890708595889,813460,8,13460,2413193,Cheraw,Cheraw town,43,A,C1,467087,7057, ,N,N,38.1075625,-103.5110637,38.1076604,-103.5110222,,,,
43,43,43,43,G4110,27890711290461,813845,8,13845,2409443,Cherry Hills Village,Cherry Hills Village city,25,A,C1,16061460,194414, ,N,N,39.6375507,-104.9480492,39.6374175,-104.9474697,,,,
44,44,44,44,G4110,27890535208847,814175,8,14175,2413197,Cheyenne Wells,Cheyenne Wells town,43,A,C1,2770152, , ,N,N,38.8192016,-102.3520301,38.8192016,-102.3520301,,,,
45,45,45,45,G4110,27890401313091,814765,8,14765,2412384,City of Creede,City of Creede town,43,A,C1,2459790, , ,N,N,37.8485893,-106.9251608,37.8485893,-106.9251608,,,,
46,46,46,46,G4110,27890705596518,815330,8,15330,2413219,Coal Creek,Coal Creek town,43,A,C1,3092190, , ,N,N,38.3621707,-105.1421992,38.3621707,-105.1421992,,2313.0,1.0,0.1
47,47,47,47,G4110,27890708082707,815550,8,15550,2413221,Cokedale,Cokedale town,43,A,C1,530770, , ,N,N,37.1442226,-104.6215896,37.1442226,-104.6215896,,,,
48,48,48,48,G4110,27890356320561,815605,8,15605,2413226,Collbran,Collbran town,43,A,C1,1445924, , ,N,N,39.2400088,-107.963517,39.2400088,-107.963517,,,,
49,49,49,49,G4110,27890704503015,816000,8,16000,2410198,Colorado Springs,Colorado Springs city,25,A,C1,506082061,937374, ,Y,N,38.8673947,-104.7604493,38.8672553,-104.760749,,464871.0,12.0,8.0
50,50,50,50,G4110,27890711290462,816385,8,16385,2413232,Columbine Valley,Columbine Valley town,43,A,C1,2543291,29660, ,N,N,39.5993401,-105.0352122,39.5995676,-105.0308851,,25332.0,3.0,2.0
51,51,51,51,G4110,27890700461498,816495,8,16495,2410212,Commerce City,Commerce City city,25,A,C1,93245714,1027013, ,Y,N,39.864066,-104.8430848,39.8827917,-104.7949081,,56448.0,4.0,3.0
52,52,52,52,G4110,278901344358849,817375,8,17375,2410236,Cortez,Cortez city,25,A,C1,16135509,112629, ,N,N,37.3503719,-108.5766665,37.3497833,-108.576687,,56448.0,4.0,3.0
53,53,53,53,G4110,27890358030504,817760,8,17760,2410255,Craig,Craig city,25,A,C1,13137861, , ,Y,N,40.5170604,-107.5553956,40.5170604,-107.5553956,,8928.0,2.0,1.0
54,54,54,54,G4110,27890332292865,817925,8,17925,2412382,Crawford,Crawford town,43,A,C1,650506, , ,N,N,38.7050441,-107.609596,38.7050441,-107.609596,,,,
55,55,55,55,G4110,27890345353680,818310,8,18310,2412385,Crested Butte,Crested Butte town,43,A,C1,2165892, , ,N,N,38.8676108,-106.9772423,38.8676108,-106.9772423,,,,
56,56,56,56,G4110,27890710077592,818420,8,18420,2412387,Crestone,Crestone town,43,A,C1,996291, , ,N,N,37.9945285,-105.6962058,37.9945285,-105.6962058,,,,
57,57,57,57,G4110,27890710916040,818530,8,18530,2410265,Cripple Creek,Cripple Creek city,25,A,C1,3940718, , ,N,N,38.7465825,-105.1849812,38.7465825,-105.1849812,,,,
58,58,58,58,G4110,27890354332882,818640,8,18640,2412389,Crook,Crook town,43,A,C1,348984, , ,N,N,40.8587686,-102.8014045,40.8587686,-102.8014045,,,,
59,59,59,59,G4110,27890702902241,818750,8,18750,2412394,Crowley,Crowley town,43,A,C1,584023, , ,N,N,38.193506,-103.8597438,38.193506,-103.8597438,,,,
60,60,60,60,G4110,27890370836036,819080,8,19080,2410283,Dacono,Dacono city,25,A,C1,22765560,16325, ,N,N,40.0623153,-104.9476419,40.0635207,-104.9468043,,5534.0,2.0,1.0
61,61,61,61,G4110,27890356320562,819355,8,19355,2412412,De Beque,De Beque town,43,A,C1,7062938,132943, ,N,N,39.3102734,-108.204976,39.3099885,-108.2049994,,,,
62,62,62,62,G4110,27890711290463,819630,8,19630,2412415,Deer Trail,Deer Trail town,43,A,C1,3044224,11121, ,N,N,39.6151244,-104.0432059,39.6158119,-104.0430652,,,,
63,63,63,63,G4110,27890362781406,819795,8,19795,2412416,Del Norte,Del Norte town,43,A,C1,2547000, , ,N,N,37.6784619,-106.3539354,37.6784619,-106.3539354,,,,
64,64,64,64,G4110,27890332292866,819850,8,19850,2410319,Delta,Delta city,25,A,C1,34378338,665228, ,N,N,38.755991,-108.0771605,38.7573709,-108.0879854,,5534.0,2.0,1.0
65,65,65,65,G4110,27890700461499,820000,8,20000,2410324,Denver,Denver city,25,A,C1,396463432,4275563, ,Y,N,39.7619809,-104.876004,39.7618502,-104.8811054,,705576.0,15.0,10.0
66,66,66,66,G4110,27890710510598,820440,8,20440,2412431,Dillon,Dillon town,43,A,C1,3869223,2149498, ,N,N,39.6212994,-106.0393121,39.6258809,-106.0437282,,,,
67,67,67,67,G4110,27890358030505,820495,8,20495,2412432,Dinosaur,Dinosaur town,43,A,C1,2408245, , ,N,N,40.239861,-109.0067951,40.239861,-109.0067951,,,,
68,68,68,68,G4110,278901344358852,820770,8,20770,2412439,Dolores,Dolores town,43,A,C1,1720693, , ,N,N,37.474093,-108.4998889,37.474093,-108.4998889,,,,
69,69,69,69,G4110,27890333388610,821265,8,21265,2412446,Dove Creek,Dove Creek town,43,A,C1,1482739, , ,N,N,37.7668418,-108.9071733,37.7668418,-108.9071733,,,,
70,70,70,70,G4110,27890375577548,822035,8,22035,2410374,Durango,Durango city,25,A,C1,38093452,6203266, ,Y,N,37.2658675,-107.8782993,37.2653917,-107.8781769,,18588.0,3.0,2.0
71,71,71,71,G4110,27890707764063,822145,8,22145,2412454,Eads,Eads town,43,A,C1,1237347, , ,N,N,38.4814227,-102.7796615,38.4814227,-102.7796615,,,,
72,72,72,72,G4110,27890337812526,822200,8,22200,2412456,Eagle,Eagle town,43,A,C1,14610761,52457, ,N,N,39.6365797,-106.8124724,39.6419331,-106.8160671,,18588.0,3.0,2.0
73,73,73,73,G4110,27890370836038,822860,8,22860,2412462,Eaton,Eaton town,43,A,C1,8185005, , ,N,N,40.5256851,-104.7129871,40.5256851,-104.7129871,,18588.0,3.0,2.0
74,74,74,74,G4110,27890366612365,823025,8,23025,2412464,Eckley,Eckley town,43,A,C1,1224598, , ,N,N,40.112353,-102.4882765,40.112353,-102.4882765,,,,
75,75,75,75,G4110,27890707232791,823135,8,23135,2410399,Edgewater,Edgewater city,25,A,C1,1799101, , ,N,N,39.7508493,-105.0626195,39.7508493,-105.0626195,,5328.0,2.0,1.0
76,76,76,76,G4110,27890367145466,823740,8,23740,2412474,Elizabeth,Elizabeth town,43,A,C1,5178440, , ,N,N,39.3588854,-104.6195216,39.3652623,-104.603915,,,,
77,77,77,77,G4110,27890702628716,824620,8,24620,2412485,Empire,Empire town,43,A,C1,695452,6003, ,N,N,39.7595255,-105.6821211,39.7594405,-105.6816773,,,,
78,78,78,78,G4110,27890711290464,824785,8,24785,2410441,Englewood,Englewood city,25,A,C1,17001535,227369, ,N,N,39.6467872,-104.9942752,39.6469793,-104.9944653,,5328.0,2.0,1.0
79,79,79,79,G4110,27890370836040,824950,8,24950,2412599,Erie,Erie town,43,A,C1,51117980,260936, ,N,N,40.0402802,-105.0399149,40.0403841,-105.0393686,,5328.0,2.0,1.0
80,80,80,80,G4110,27890352622240,825115,8,25115,2412603,Estes Park,Estes Park town,43,A,C1,17668210,194196, ,N,N,40.369908,-105.5216326,40.3670458,-105.5338614,,6377.0,2.0,1.0
81,81,81,81,G4110,27890370836042,825280,8,25280,2410467,Evans,Evans city,25,A,C1,26371954,890553, ,N,N,40.366028,-104.7389196,40.3501648,-104.7483547,,20533.0,3.0,2.0
82,82,82,82,G4110,27890708937394,825610,8,25610,2412616,Fairplay,Fairplay town,43,A,C1,2970986,23885, ,N,N,39.2245036,-105.9965392,39.2250609,-105.9963857,,,,
83,83,83,83,G4110,27890700461500,826270,8,26270,2410493,Federal Heights,Federal Heights city,25,A,C1,4599352,5472, ,N,N,39.8650537,-105.0154269,39.8649728,-105.0153397,,20533.0,3.0,2.0
84,84,84,84,G4110,27890370836044,826600,8,26600,2412626,Firestone,Firestone town,43,A,C1,35140798,1708088, ,N,N,40.1564157,-104.9493862,40.1557745,-104.9486295,,14033.0,3.0,2.0
85,85,85,85,G4110,27890349123021,826765,8,26765,2412628,Flagler,Flagler town,43,A,C1,3547135, , ,N,N,39.2948288,-103.0757388,39.2971753,-103.0675683,,,,
86,86,86,86,G4110,27890354332883,826875,8,26875,2412631,Fleming,Fleming town,43,A,C1,1267181, , ,N,N,40.682075,-102.8396309,40.682075,-102.8396309,,,,
87,87,87,87,G4110,27890705596519,827040,8,27040,2410510,Florence,Florence city,25,A,C1,11075846,15098, ,N,N,38.3836302,-105.1114561,38.3796151,-105.1002299,,3899.0,1.0,0.1
88,88,88,88,G4110,27890352622241,827425,8,27425,2410526,Fort Collins,Fort Collins city,25,A,C1,148179247,3264785, ,Y,N,40.5476119,-105.0656485,40.5482164,-105.0648327,,165609.0,6.0,5.0
89,89,89,89,G4110,27890370836045,827700,8,27700,2410528,Fort Lupton,Fort Lupton city,25,A,C1,31459144,136713, ,N,N,40.0826751,-104.8068376,40.0828054,-104.8069721,,8133.0,2.0,1.0
90,90,90,90,G4110,27890364470428,827810,8,27810,2410529,Fort Morgan,Fort Morgan city,25,A,C1,13814847,178245, ,Y,N,40.2536829,-103.7902706,40.2530029,-103.7886516,,11377.0,3.0,2.0
91,91,91,91,G4110,27890704503016,827865,8,27865,2410535,Fountain,Fountain city,25,A,C1,58276602,63521, ,N,N,38.6884646,-104.6827692,38.6890195,-104.680559,,29784.0,3.0,2.0
92,92,92,92,G4110,27890708595890,827975,8,27975,2412648,Fowler,Fowler town,43,A,C1,1448079,10443, ,N,N,38.1304312,-104.0264662,38.1306192,-104.0260959,,1229.0,1.0,0.1
93,93,93,93,G4110,27890711290465,828105,8,28105,2412649,Foxfield,Foxfield town,43,A,C1,3427463, , ,N,N,39.5881395,-104.7857408,39.5881395,-104.7857408,,,,
94,94,94,94,G4110,27890342501835,828305,8,28305,2412655,Fraser,Fraser town,43,A,C1,8953433,12925, ,N,N,39.9302982,-105.8029216,39.9232943,-105.8052684,,1532.0,1.0,0.1
95,95,95,95,G4110,27890370836047,828360,8,28360,2412656,Frederick,Frederick town,43,A,C1,39098736,323704, ,N,N,40.1088685,-104.9700345,40.105907,-104.974497,,12767.0,3.0,2.0
96,96,96,96,G4110,27890710510599,828690,8,28690,2412661,Frisco,Frisco town,43,A,C1,4330910,277556, ,N,N,39.5790963,-106.0915297,39.5784824,-106.0909729,,3116.0,1.0,0.1
97,97,97,97,G4110,27890356320563,828745,8,28745,2410553,Fruita,Fruita city,25,A,C1,20439313,753819, ,N,N,39.1548338,-108.7304483,39.1559571,-108.7307691,,3116.0,1.0,0.1
98,98,98,98,G4110,27890370836050,829185,8,29185,2412667,Garden City,Garden City town,43,A,C1,292412, , ,N,N,40.3945914,-104.689494,40.3945914,-104.689494,,,,
99,99,99,99,G4110,27890708277437,829680,8,29680,2412675,Genoa,Genoa town,43,A,C1,803517, , ,N,N,39.2782183,-103.4987169,39.2782183,-103.4987169,,,,
100,100,100,100,G4110,27890702628717,829735,8,29735,2412677,Georgetown,Georgetown town,43,A,C1,2582928,262399, ,N,N,39.7179519,-105.6942457,39.7178864,-105.6944881,,,,
101,101,101,101,G4110,27890370836052,829955,8,29955,2412683,Gilcrest,Gilcrest town,43,A,C1,2100358, , ,N,N,40.2841563,-104.7820241,40.2841563,-104.7820241,,,,
102,102,102,102,G4110,27890711290466,830340,8,30340,2410598,Glendale,Glendale city,25,A,C1,1471573,5724, ,N,N,39.7036253,-104.9352064,39.7030524,-104.9361568,,5177.0,2.0,1.0
103,103,103,103,G4110,27890404901848,830780,8,30780,2410605,Glenwood Springs,Glenwood Springs city,25,A,C1,15113652,22392, ,Y,N,39.5455918,-107.3347,39.547132,-107.3425555,,9915.0,2.0,1.0
104,104,104,104,G4110,27890707232792,830835,8,30835,2410611,Golden,Golden city,25,A,C1,24952585,239970, ,N,N,39.7406774,-105.2118304,39.742483,-105.2105614,,20693.0,3.0,2.0
105,105,105,105,G4110,27890360813925,831550,8,31550,2412698,Granada,Granada town,43,A,C1,1774934, , ,N,N,38.062973,-102.3115911,38.062973,-102.3115911,,,,
106,106,106,106,G4110,27890342501836,831605,8,31605,2412699,Granby,Granby town,43,A,C1,32844771, , ,N,N,40.0648028,-105.919386,40.0648028,-105.919386,,2039.0,1.0,0.1
107,107,107,107,G4110,27890356320565,831660,8,31660,2410631,Grand Junction,Grand Junction city,25,A,C1,102651883,1147370, ,Y,N,39.0877106,-108.5675568,39.0890618,-108.567452,,62062.0,4.0,3.0
108,108,108,108,G4110,27890342501837,831715,8,31715,2412701,Grand Lake,Grand Lake town,43,A,C1,2672078,7335, ,N,N,40.2503216,-105.8231144,40.2559416,-105.8289416,,,,
109,109,109,109,G4110,27890370836054,832155,8,32155,2410654,Greeley,Greeley city,25,A,C1,126735106,413320, ,Y,N,40.4151371,-104.7706763,40.4140338,-104.7710426,,105888.0,6.0,5.0
110,110,110,110,G4110,27890704503017,832650,8,32650,2412708,Green Mountain Falls,Green Mountain Falls town,43,A,C1,2847418,4117, ,N,N,38.9344276,-105.0238071,38.9349535,-105.0196638,,,,
111,111,111,111,G4110,27890711290467,833035,8,33035,2410661,Greenwood Village,Greenwood Village city,25,A,C1,21412150,32085, ,N,N,39.6152413,-104.9131147,39.6159336,-104.9116883,,15738.0,3.0,2.0
112,112,112,112,G4110,27890370836055,833310,8,33310,2412712,Grover,Grover town,43,A,C1,1542183, , ,N,N,40.869111,-104.2259321,40.869111,-104.2259321,,,,
113,113,113,113,G4110,27890345353682,833640,8,33640,2410674,Gunnison,Gunnison city,25,A,C1,12557711, , ,N,N,38.547978,-106.9246043,38.547978,-106.9246043,,6403.0,2.0,1.0
114,114,114,114,G4110,27890337812530,833695,8,33695,2412716,Gypsum,Gypsum town,43,A,C1,22924056,298399, ,N,N,39.6286581,-106.9349648,39.6189536,-106.9595547,,6403.0,2.0,1.0
115,115,115,115,G4110,27890360813927,834520,8,34520,2412730,Hartman,Hartman town,43,A,C1,710810, , ,N,N,38.1211277,-102.2216085,38.1211277,-102.2216085,,,,
116,116,116,116,G4110,27890707764064,834740,8,34740,2412734,Haswell,Haswell town,43,A,C1,2078551, , ,N,N,38.4524924,-103.16498,38.4524924,-103.16498,,,,
117,117,117,117,G4110,27890359006840,834960,8,34960,2412738,Haxtun,Haxtun town,43,A,C1,1542081, , ,N,N,40.6418722,-102.6297033,40.6418722,-102.6297033,,,,
118,118,118,118,G4110,27890406899099,835070,8,35070,2412740,Hayden,Hayden town,43,A,C1,8489758, , ,N,N,40.4850795,-107.2391062,40.4922165,-107.2643245,,2109.0,1.0,0.1
119,119,119,119,G4110,27890364470429,836610,8,36610,2412751,Hillrose,Hillrose town,43,A,C1,488338, , ,N,N,40.3244946,-103.5222063,40.3244946,-103.5222063,,,,
120,120,120,120,G4110,27890360813928,837215,8,37215,2412764,Holly,Holly town,43,A,C1,1873681,2628, ,N,N,38.055368,-102.1246951,38.0556393,-102.1245886,,,,
121,121,121,121,G4110,27890359006841,837270,8,37270,2410781,Holyoke,Holyoke city,25,A,C1,6396430,18038, ,N,N,40.5819693,-102.2975135,40.5821012,-102.2971923,,2484.0,1.0,0.1
122,122,122,122,G4110,2789086215988,837380,8,37380,2412766,Hooper,Hooper town,43,A,C1,652732, , ,N,N,37.7459759,-105.8777353,37.7459759,-105.8777353,,,,
123,123,123,123,G4110,27890342501838,837600,8,37600,2412770,Hot Sulphur Springs,Hot Sulphur Springs town,43,A,C1,1992065, , ,N,N,40.0749021,-106.1031704,40.0749021,-106.1031704,,,,
124,124,124,124,G4110,27890332292867,837545,8,37545,2412771,Hotchkiss,Hotchkiss town,43,A,C1,2399070, , ,N,N,38.7989917,-107.7133808,38.7989917,-107.7133808,,,,
125,125,125,125,G4110,27890370836057,837820,8,37820,2412776,Hudson,Hudson town,43,A,C1,15271334,204094, ,N,N,40.0898817,-104.620934,40.0917462,-104.5937414,,2484.0,1.0,0.1
126,126,126,126,G4110,27890708277438,837875,8,37875,2412778,Hugo,Hugo town,43,A,C1,2361653, , ,N,N,39.136179,-103.4731378,39.136179,-103.4731378,,,,
127,127,127,127,G4110,27890702628718,838370,8,38370,2410092,Idaho Springs,Idaho Springs city,25,A,C1,5834945,88926, ,N,N,39.7444459,-105.5000386,39.7356343,-105.5173838,,1858.0,1.0,0.1
128,128,128,128,G4110,27890375577549,838535,8,38535,2412787,Ignacio,Ignacio town,43,A,C1,1325432, , ,N,N,37.1180042,-107.637557,37.1180042,-107.637557,,1259.0,1.0,0.1
129,129,129,129,G4110,27890354332884,838590,8,38590,2412788,Iliff,Iliff town,43,A,C1,494731, , ,N,N,40.7591774,-103.0661023,40.7591774,-103.0661023,,,,
130,130,130,130,G4110,27890701442015,839195,8,39195,2412800,Jamestown,Jamestown town,43,A,C1,1488703,1124, ,N,N,40.1183366,-105.3916324,40.123001,-105.3931426,,,,
131,131,131,131,G4110,27890352622242,839855,8,39855,2412807,Johnstown,Johnstown town,43,A,C1,35721636,222991, ,N,N,40.3498421,-104.9482017,40.3844717,-104.9675954,,14910.0,3.0,2.0
132,132,132,132,G4110,27890365915628,839965,8,39965,2412812,Julesburg,Julesburg town,43,A,C1,3916486, , ,N,N,40.9848643,-102.2627077,40.9848643,-102.2627077,,1259.0,1.0,0.1
133,133,133,133,G4110,27890370836059,840185,8,40185,2412820,Keenesburg,Keenesburg town,43,A,C1,19528920,66713, ,N,N,40.1327694,-104.5381223,40.1542528,-104.5840258,,1312.0,1.0,0.1
134,134,134,134,G4110,27890370836061,840515,8,40515,2412828,Kersey,Kersey town,43,A,C1,5236040,12420, ,N,N,40.3909248,-104.5793471,40.3880102,-104.5561637,,1852.0,1.0,0.1
135,135,135,135,G4110,27890708082708,840570,8,40570,2412834,Kim,Kim town,43,A,C1,980927, , ,N,N,37.2470622,-103.3534114,37.2470622,-103.3534114,,,,
136,136,136,136,G4110,27890367145467,840790,8,40790,2412838,Kiowa,Kiowa town,43,A,C1,2231396, , ,N,N,39.3436915,-104.4578803,39.3436915,-104.4578803,,1673.0,1.0,0.1
137,137,137,137,G4110,27890535208848,841010,8,41010,2412842,Kit Carson,Kit Carson town,43,A,C1,1512765, , ,N,N,38.7628232,-102.7953663,38.7628232,-102.7953663,,,,
138,138,138,138,G4110,27890342501839,841560,8,41560,2412848,Kremmling,Kremmling town,43,A,C1,3388706, , ,N,N,40.0565463,-106.3782117,40.0565463,-106.3782117,,1673.0,1.0,0.1
139,139,139,139,G4110,278901016274880,842055,8,42055,2412855,La Jara,La Jara town,43,A,C1,1056259, , ,N,N,37.2735236,-105.9597208,37.2735236,-105.9597208,,,,
140,140,140,140,G4110,27890708595891,842110,8,42110,2411574,La Junta,La Junta city,25,A,C1,8251786,13153, ,N,N,37.9790619,-103.5470845,37.9794141,-103.5473359,,6893.0,2.0,1.0
141,141,141,141,G4110,27890370836063,843605,8,43605,2412856,La Salle,La Salle town,43,A,C1,2480478, , ,N,N,40.348469,-104.706139,40.348469,-104.706139,,2697.0,1.0,0.1
142,142,142,142,G4110,27890706454795,844100,8,44100,2412857,La Veta,La Veta town,43,A,C1,3539234, , ,N,N,37.5085623,-105.0084866,37.5085623,-105.0084866,,,,
143,143,143,143,G4110,27890701442016,841835,8,41835,2411592,Lafayette,Lafayette city,25,A,C1,23888153,521107, ,N,N,39.9946948,-105.0998247,39.9948143,-105.0996758,,28742.0,3.0,2.0
144,144,144,144,G4110,27890346363224,842330,8,42330,2412863,Lake City,Lake City town,43,A,C1,2143909,25016, ,N,N,38.0301369,-107.3105954,38.0216051,-107.3107059,,,,
145,145,145,145,G4110,27890707232793,842495,8,42495,2412865,Lakeside,Lakeside town,43,A,C1,485965,157267, ,N,N,39.780219,-105.0579083,39.7790753,-105.057825,,,,
146,146,146,146,G4110,27890707232794,843000,8,43000,2411614,Lakewood,Lakewood city,25,A,C1,112595317,3040316, ,Y,N,39.69775,-105.1172345,39.6989385,-105.1175735,,28742.0,3.0,2.0
147,147,147,147,G4110,27890360813929,843110,8,43110,2411617,Lamar,Lamar city,25,A,C1,13499764,51312, ,N,N,38.073939,-102.6154093,38.0759713,-102.6147233,,7564.0,2.0,1.0
148,148,148,148,G4110,27890711656464,843550,8,43550,2412878,Larkspur,Larkspur town,43,A,C1,4119828, , ,N,N,39.2318212,-104.8922599,39.2295733,-104.885679,,,,
149,149,149,149,G4110,27890697566880,843660,8,43660,2411628,Las Animas,Las Animas city,25,A,C1,4212127,118772, ,N,N,38.06951,-103.2235851,38.0696677,-103.2232289,,2269.0,1.0,0.1
150,150,150,150,G4110,27890707853163,844320,8,44320,2411641,Leadville,Leadville city,25,A,C1,3039417, , ,N,N,39.247277,-106.2934602,39.247277,-106.2934602,,2742.0,1.0,0.1
151,151,151,151,G4110,27890708277439,844980,8,44980,2412897,Limon,Limon town,43,A,C1,8190316,78054, ,N,N,39.2653117,-103.6856283,39.2650738,-103.6859106,,1105.0,1.0,0.1
152,152,152,152,G4110,27890707232795,845255,8,45255,2410845,Littleton,Littleton city,25,A,C1,32708657,2933038, ,N,N,39.5915262,-105.0187879,39.5903751,-105.0200838,,47989.0,3.0,2.0
153,153,153,153,G4110,27890370836065,845530,8,45530,2412905,Lochbuie,Lochbuie town,43,A,C1,9542872,59469, ,N,N,40.0117617,-104.7271704,40.0091408,-104.7265046,,6388.0,2.0,1.0
154,154,154,154,G4110,27890364470430,845695,8,45695,2412910,Log Lane Village,Log Lane Village town,43,A,C1,507572, , ,N,N,40.2697341,-103.8289605,40.2697341,-103.8289605,,1217.0,1.0,0.1
155,155,155,155,G4110,27890711656465,845955,8,45955,2410864,Lone Tree,Lone Tree city,25,A,C1,25403356, , ,N,N,39.530855,-104.8709622,39.530855,-104.8709622,,12923.0,3.0,2.0
156,156,156,156,G4110,27890370836067,845970,8,45970,2410869,Longmont,Longmont city,25,A,C1,74535577,4254736, ,N,N,40.1686138,-105.1004985,40.1681989,-105.1005223,,94445.0,4.0,3.0
157,157,157,157,G4110,27890701442017,846355,8,46355,2410884,Louisville,Louisville city,25,A,C1,20625893,288084, ,N,N,39.970986,-105.1441251,39.9695757,-105.1432708,,20860.0,3.0,2.0
158,158,158,158,G4110,27890352622244,846465,8,46465,2410886,Loveland,Loveland city,25,A,C1,89145834,3828436, ,N,N,40.4165815,-105.0622954,40.4169053,-105.0631107,,76972.0,4.0,3.0
159,159,159,159,G4110,27890701442018,847070,8,47070,2412930,Lyons,Lyons town,43,A,C1,3492712,41480, ,N,N,40.2230479,-105.269157,40.2230503,-105.2686649,,2228.0,1.0,0.1
160,160,160,160,G4110,278901016274881,848060,8,48060,2412937,Manassa,Manassa town,43,A,C1,2411755, , ,N,N,37.1738412,-105.9372749,37.1738412,-105.9372749,,,,
161,161,161,161,G4110,278901344358855,848115,8,48115,2412939,Mancos,Mancos town,43,A,C1,1661665, , ,N,N,37.3466252,-108.2938931,37.3466252,-108.2938931,,1627.0,1.0,0.1
162,162,162,162,G4110,27890704503018,848445,8,48445,2411021,Manitou Springs,Manitou Springs city,25,A,C1,8156506, , ,N,N,38.8575405,-104.91286,38.8575405,-104.91286,,5283.0,2.0,1.0
163,163,163,163,G4110,27890708595892,848500,8,48500,2412949,Manzanola,Manzanola town,43,A,C1,736388, , ,N,N,38.1087581,-103.8668039,38.1087581,-103.8668039,,,,
164,164,164,164,G4110,27890345353683,848555,8,48555,2412952,Marble,Marble town,43,A,C1,931733, , ,N,N,39.0716645,-107.190749,39.0716645,-107.190749,,,,
165,165,165,165,G4110,27890370836069,849600,8,49600,2412970,Mead,Mead town,43,A,C1,33672000,228593, ,N,N,40.2317612,-104.9911327,40.2270022,-104.98832,,4631.0,1.0,0.1
166,166,166,166,G4110,27890361882699,849875,8,49875,2412977,Meeker,Meeker town,43,A,C1,9295238, , ,N,N,40.0499535,-107.8945842,40.0499535,-107.8945842,,2415.0,1.0,0.1
167,167,167,167,G4110,27890354332885,850040,8,50040,2412985,Merino,Merino town,43,A,C1,392679, , ,N,N,40.4837051,-103.3536746,40.4837051,-103.3536746,,,,
168,168,168,168,G4110,27890370836071,850480,8,50480,2413000,Milliken,Milliken town,43,A,C1,33190966,219501, ,N,N,40.3114215,-104.8561499,40.3105095,-104.8584124,,7185.0,2.0,1.0
169,169,169,169,G4110,27890337812532,850920,8,50920,2413005,Minturn,Minturn town,43,A,C1,20766497,465004, ,N,N,39.5462493,-106.387071,39.5356174,-106.38173,,1101.0,1.0,0.1
170,170,170,170,G4110,27890710077593,851250,8,51250,2413006,Moffat,Moffat town,43,A,C1,4314028, , ,N,N,38.0026667,-105.9065209,38.0026667,-105.9065209,,,,
171,171,171,171,G4110,27890362781407,851635,8,51635,2411143,Monte Vista,Monte Vista city,25,A,C1,6819798,46479, ,N,N,37.5788895,-106.150078,37.5785402,-106.1499146,,4157.0,1.0,0.1
172,172,172,172,G4110,27890710510600,851690,8,51690,2413008,Montezuma,Montezuma town,43,A,C1,205377, , ,N,N,39.581483,-105.8676525,39.581483,-105.8676525,,,,
173,173,173,173,G4110,27890368201595,851745,8,51745,2411151,Montrose,Montrose city,25,A,C1,47854373, , ,Y,N,38.4689185,-107.8590132,38.4689185,-107.8590132,,19238.0,3.0,2.0
174,174,174,174,G4110,27890704503019,851800,8,51800,2413009,Monument,Monument town,43,A,C1,17723995,128899, ,N,N,39.073491,-104.8467851,39.0744062,-104.844221,,19238.0,3.0,2.0
175,175,175,175,G4110,27890707232796,852075,8,52075,2413014,Morrison,Morrison town,43,A,C1,4260336,8946, ,N,N,39.6369987,-105.2006606,39.636357,-105.2059588,,,,
176,176,176,176,G4110,27890345353684,852570,8,52570,2413018,Mount Crested Butte,Mount Crested Butte town,43,A,C1,5355219, , ,N,N,38.9083021,-106.9605872,38.9083021,-106.9605872,,1339.0,1.0,0.1
177,177,177,177,G4110,27890707232797,852350,8,52350,2413021,Mountain View,Mountain View town,43,A,C1,240817, , ,N,N,39.7747762,-105.056711,39.7747762,-105.056711,,,,
178,178,178,178,G4110,27890365525137,852550,8,52550,2413024,Mountain Village,Mountain Village town,43,A,C1,8547111, , ,N,N,37.9324164,-107.8577366,37.9324164,-107.8577366,,1842.0,1.0,0.1
179,179,179,179,G4110,27890368201596,853120,8,53120,2413035,Naturita,Naturita town,43,A,C1,1594057, , ,N,N,38.2183441,-108.5666329,38.2183441,-108.5666329,,,,
180,180,180,180,G4110,27890701442019,853175,8,53175,2413037,Nederland,Nederland town,43,A,C1,3832540,179672, ,N,N,39.9633205,-105.5071871,39.9638145,-105.5058636,,1336.0,1.0,0.1
181,181,181,181,G4110,27890404901849,853395,8,53395,2413042,New Castle,New Castle town,43,A,C1,6519556,233810, ,N,N,39.5775145,-107.5266811,39.5776452,-107.5264527,,4875.0,1.0,0.1
182,182,182,182,G4110,27890370836073,854330,8,54330,2411280,Northglenn,Northglenn city,25,A,C1,19058446,219416, ,N,N,39.9107856,-104.9782569,39.9116661,-104.9821365,,38973.0,3.0,2.0
183,183,183,183,G4110,27890365525138,854880,8,54880,2413057,Norwood,Norwood town,43,A,C1,732732, , ,N,N,38.129042,-108.2918132,38.129042,-108.2918132,,,,
184,184,184,184,G4110,27890368201597,854935,8,54935,2413058,Nucla,Nucla town,43,A,C1,1796598, , ,N,N,38.2666869,-108.5486946,38.2666869,-108.5486946,,,,
185,185,185,185,G4110,27890370836074,855045,8,55045,2413059,Nunn,Nunn town,43,A,C1,10267442, , ,N,N,40.7137533,-104.7888845,40.7137533,-104.7888845,,,,
186,186,186,186,G4110,27890406899100,855155,8,55155,2413061,Oak Creek,Oak Creek town,43,A,C1,922447, , ,N,N,40.2740492,-106.9573639,40.2740492,-106.9573639,,,,
187,187,187,187,G4110,27890368201598,855540,8,55540,2413078,Olathe,Olathe town,43,A,C1,3889634, , ,N,N,38.6083842,-107.9833002,38.6083842,-107.9833002,,1661.0,1.0,0.1
188,188,188,188,G4110,27890702902250,855705,8,55705,2413079,Olney Springs,Olney Springs town,43,A,C1,623095, , ,N,N,38.1662739,-103.9444914,38.1662739,-103.9444914,,,,
189,189,189,189,G4110,27890365525139,855870,8,55870,2413085,Ophir,Ophir town,43,A,C1,608736, , ,N,N,37.8568103,-107.8312422,37.8568103,-107.8312422,,,,
190,190,190,190,G4110,27890332292868,855980,8,55980,2413088,Orchard City,Orchard City town,43,A,C1,29840301,22366, ,N,N,38.8144416,-107.9704667,38.818125,-107.9672696,,,,
191,191,191,191,G4110,27890702902251,856145,8,56145,2413090,Ordway,Ordway town,43,A,C1,1997844, , ,N,N,38.2208994,-103.7566804,38.2208994,-103.7566804,,1661.0,1.0,0.1
192,192,192,192,G4110,27890369186673,856365,8,56365,2413094,Otis,Otis town,43,A,C1,1070197, , ,N,N,40.1501257,-102.9621381,40.1501257,-102.9621381,,,,
193,193,193,193,G4110,27890406108506,856420,8,56420,2411342,Ouray,Ouray city,25,A,C1,2234425, , ,N,N,38.0275433,-107.6733483,38.0275433,-107.6733483,,,,
194,194,194,194,G4110,27890365915630,856475,8,56475,2413096,Ovid,Ovid town,43,A,C1,403307, , ,N,N,40.9607551,-102.3883361,40.9607551,-102.3883361,,,,
195,195,195,195,G4110,278901335516410,856860,8,56860,2413099,Pagosa Springs,Pagosa Springs town,43,A,C1,13036396,67479, ,N,N,37.2675191,-107.0304978,37.2634215,-107.003565,,2057.0,1.0,0.1
196,196,196,196,G4110,27890356320567,856970,8,56970,2413101,Palisade,Palisade town,43,A,C1,3077609,14259, ,N,N,39.1083286,-108.3572737,39.1079309,-108.3573295,,2696.0,1.0,0.1
197,197,197,197,G4110,27890704503020,857025,8,57025,2413103,Palmer Lake,Palmer Lake town,43,A,C1,7895665,55968, ,N,N,39.1152793,-104.9059772,39.1158012,-104.9092059,,2887.0,1.0,0.1
198,198,198,198,G4110,27890359006842,857245,8,57245,2413107,Paoli,Paoli town,43,A,C1,766300, , ,N,N,40.6127642,-102.4717581,40.6127642,-102.4717581,,,,
199,199,199,199,G4110,27890332292869,857300,8,57300,2413109,Paonia,Paonia town,43,A,C1,2126709, , ,N,N,38.8698076,-107.5919718,38.8698076,-107.5919718,,1300.0,1.0,0.1
200,200,200,200,G4110,27890404901850,857400,8,57400,2413110,Parachute,Parachute town,43,A,C1,4678595,169082, ,N,N,39.4507959,-108.0530564,39.4533788,-108.0509992,,1300.0,1.0,0.1
201,201,201,201,G4110,27890711656466,857630,8,57630,2413117,Parker,Parker town,43,A,C1,57847007,21992, ,N,N,39.5083311,-104.7752893,39.4826572,-104.7995798,,54352.0,4.0,3.0
202,202,202,202,G4110,27890354332887,858235,8,58235,2413123,Peetz,Peetz town,43,A,C1,578466, , ,N,N,40.9618226,-103.1138091,40.9618226,-103.1138091,,,,
203,203,203,203,G4110,27890370836075,859005,8,59005,2413129,Pierce,Pierce town,43,A,C1,4811652, , ,N,N,40.6411516,-104.7702016,40.6475838,-104.7800508,,1008.0,1.0,0.1
204,204,204,204,G4110,27890345353685,859830,8,59830,2413138,Pitkin,Pitkin town,43,A,C1,668081, , ,N,N,38.6087216,-106.5149184,38.6087216,-106.5149184,,,,
205,205,205,205,G4110,27890370836076,860160,8,60160,2412489,Platteville,Platteville town,43,A,C1,7959955,26626, ,N,N,40.2220017,-104.834065,40.222845,-104.8335405,,2754.0,1.0,0.1
206,206,206,206,G4110,27890698298909,860600,8,60600,2412495,Poncha Springs,Poncha Springs town,43,A,C1,7728619, , ,N,N,38.5140522,-106.0942111,38.5211093,-106.0725763,,,,
207,207,207,207,G4110,27890100108166,861315,8,61315,2412509,Pritchett,Pritchett town,43,A,C1,603596, , ,N,N,37.3700091,-102.8587491,37.3700091,-102.8587491,,,,
208,208,208,208,G4110,27890709497184,862000,8,62000,2411501,Pueblo,Pueblo city,25,A,C1,143439208,1815345, ,Y,N,38.2700603,-104.6113382,38.2699263,-104.6108151,,110841.0,6.0,5.0
209,209,209,209,G4110,27890704503021,862660,8,62660,2412523,Ramah,Ramah town,43,A,C1,637332, , ,N,N,39.1222365,-104.1673391,39.1222365,-104.1673391,,,,
210,210,210,210,G4110,27890361882700,862880,8,62880,2412528,Rangely,Rangely town,43,A,C1,11148375, , ,N,N,40.0861279,-108.7794728,40.087011,-108.78326,,2402.0,1.0,0.1
211,211,211,211,G4110,27890370836077,863045,8,63045,2412533,Raymer (New Raymer),Raymer (New Raymer) town,43,A,C1,2031225, , ,N,N,40.6079568,-103.843576,40.6079568,-103.843576,,,,
212,212,212,212,G4110,27890337812533,863265,8,63265,2412535,Red Cliff,Red Cliff town,43,A,C1,631600, , ,N,N,39.5092822,-106.3699448,39.5092822,-106.3699448,,,,
213,213,213,213,G4110,27890333388611,864090,8,64090,2412550,Rico,Rico town,43,A,C1,1756593, , ,N,N,37.6890861,-108.0316773,37.6890861,-108.0316773,,,,
214,214,214,214,G4110,27890406108507,864200,8,64200,2412551,Ridgway,Ridgway town,43,A,C1,4787404, , ,N,N,38.1571781,-107.7545967,38.1571781,-107.7545967,,,,
215,215,215,215,G4110,27890404901851,864255,8,64255,2410947,Rifle,Rifle city,25,A,C1,18218746,314370, ,N,N,39.5361979,-107.7729133,39.5375645,-107.7703438,,9650.0,2.0,1.0
216,216,216,216,G4110,27890705596520,864970,8,64970,2412564,Rockvale,Rockvale town,43,A,C1,5282695, , ,N,N,38.3644026,-105.1646078,38.3644026,-105.1646078,,,,
217,217,217,217,G4110,27890708595893,865190,8,65190,2410983,Rocky Ford,Rocky Ford city,25,A,C1,4348011,35482, ,N,N,38.0499584,-103.7224304,38.0498841,-103.7221017,,3824.0,1.0,0.1
218,218,218,218,G4110,278901016274882,865740,8,65740,2412574,Romeo,Romeo town,43,A,C1,604499, , ,N,N,37.1718223,-105.9854148,37.1718223,-105.9854148,,,,
219,219,219,219,G4110,27890709497185,866895,8,66895,2412588,Rye,Rye town,43,A,C1,243523, , ,N,N,37.9212833,-104.9319349,37.9212833,-104.9319349,,,,
220,220,220,220,G4110,27890710077594,867005,8,67005,2412591,Saguache,Saguache town,43,A,C1,1021215, , ,N,N,38.0862704,-106.1410529,38.0862704,-106.1410529,,,,
221,221,221,221,G4110,27890698298910,867280,8,67280,2411766,Salida,Salida city,25,A,C1,7230441, , ,N,N,38.5298784,-105.9979157,38.5298784,-105.9979157,,5791.0,2.0,1.0
222,222,222,222,G4110,27890101552514,868105,8,68105,2413253,San Luis,San Luis town,43,A,C1,1468086, , ,N,N,37.2023749,-105.4225062,37.2023749,-105.4225062,,,,
223,223,223,223,G4110,278901016274883,867830,8,67830,2413256,Sanford,Sanford town,43,A,C1,3782495, , ,N,N,37.2574068,-105.9007664,37.2574068,-105.9007664,,1073.0,1.0,0.1
224,224,224,224,G4110,27890365525140,868655,8,68655,2413263,Sawpit,Sawpit town,43,A,C1,77792, , ,N,N,37.9947175,-108.0021356,37.9947175,-108.0021356,,,,
225,225,225,225,G4110,27890365915632,868930,8,68930,2413269,Sedgwick,Sedgwick town,43,A,C1,1007551, , ,N,N,40.9355117,-102.5256366,40.9355117,-102.5256366,,,,
226,226,226,226,G4110,27890349123022,869040,8,69040,2413270,Seibert,Seibert town,43,A,C1,887957, , ,N,N,39.297967,-102.8695241,39.297967,-102.8695241,,,,
227,227,227,227,G4110,27890370836078,869150,8,69150,2413272,Severance,Severance town,43,A,C1,23563486,307623, ,N,N,40.5265294,-104.8650115,40.5051409,-104.8420969,,4745.0,1.0,0.1
228,228,228,228,G4110,27890707764065,869700,8,69700,2413280,Sheridan Lake,Sheridan Lake town,43,A,C1,804280, , ,N,N,38.4667098,-102.2943993,38.4667098,-102.2943993,,,,
229,229,229,229,G4110,27890711290468,869645,8,69645,2411885,Sheridan,Sheridan city,25,A,C1,5757682,171214, ,N,N,39.6467992,-105.0181965,39.6477575,-105.0174566,,6089.0,2.0,1.0
230,230,230,230,G4110,27890404901852,870195,8,70195,2413284,Silt,Silt town,43,A,C1,4287342,182638, ,N,N,39.5482928,-107.6533016,39.5479782,-107.6527362,,3115.0,1.0,0.1
231,231,231,231,G4110,27890703302317,870250,8,70250,2413286,Silver Cliff,Silver Cliff town,43,A,C1,40034766,4422, ,N,N,38.1203925,-105.410387,38.1292026,-105.3991749,,,,
232,232,232,232,G4110,27890702628719,870360,8,70360,2413287,Silver Plume,Silver Plume town,43,A,C1,669689,6766, ,N,N,39.695691,-105.7264455,39.6953724,-105.7270214,,,,
233,233,233,233,G4110,27890710510601,870525,8,70525,2413288,Silverthorne,Silverthorne town,43,A,C1,10362596,170394, ,N,N,39.6561964,-106.08687,39.6543234,-106.094039,,4673.0,1.0,0.1
234,234,234,234,G4110,27890364803838,870580,8,70580,2413289,Silverton,Silverton town,43,A,C1,2162397, , ,N,N,37.8108739,-107.6647429,37.8108739,-107.6647429,,,,
235,235,235,235,G4110,27890367145470,870635,8,70635,2413290,Simla,Simla town,43,A,C1,1595958, , ,N,N,39.1407399,-104.0823701,39.1407399,-104.0823701,,,,
236,236,236,236,G4110,27890359717124,871755,8,71755,2413302,Snowmass Village,Snowmass Village town,43,A,C1,71954706,212338, ,N,N,39.2211564,-106.939188,39.2168781,-106.9439696,,2783.0,1.0,0.1
237,237,237,237,G4110,27890362781408,872395,8,72395,2413307,South Fork,South Fork town,43,A,C1,6470109,2333, ,N,N,37.6691025,-106.6417782,37.6691859,-106.6428506,,,,
238,238,238,238,G4110,27890100108167,873330,8,73330,2413324,Springfield,Springfield town,43,A,C1,2917170, , ,N,N,37.4049137,-102.6188979,37.4049137,-102.6188979,,1318.0,1.0,0.1
239,239,239,239,G4110,27890708082709,873715,8,73715,2413331,Starkville,Starkville town,43,A,C1,189013, , ,N,N,37.1168261,-104.5232956,37.1168261,-104.5232956,,,,
240,240,240,240,G4110,27890406899101,873825,8,73825,2411976,Steamboat Springs,Steamboat Springs city,25,A,C1,25609381,33083, ,Y,N,40.4776969,-106.8242966,40.4761838,-106.8233783,,12928.0,3.0,2.0
241,241,241,241,G4110,27890354332888,873935,8,73935,2411978,Sterling,Sterling city,25,A,C1,19641073, , ,Y,N,40.6204828,-103.192509,40.6204828,-103.192509,,14478.0,3.0,2.0
242,242,242,242,G4110,27890349123023,874485,8,74485,2413341,Stratton,Stratton town,43,A,C1,1331422, , ,N,N,39.3028841,-102.6034704,39.3028841,-102.6034704,,,,
243,243,243,243,G4110,27890702902252,874815,8,74815,2413346,Sugar City,Sugar City town,43,A,C1,996804, , ,N,N,38.2327735,-103.663312,38.2327735,-103.663312,,,,
244,244,244,244,G4110,27890701442020,875640,8,75640,2413354,Superior,Superior town,43,A,C1,10186412,100038, ,N,N,39.9339857,-105.1588125,39.9311898,-105.1590853,,13077.0,3.0,2.0
245,245,245,245,G4110,27890708595894,875970,8,75970,2413358,Swink,Swink town,43,A,C1,725066, , ,N,N,38.0140683,-103.6281624,38.0140683,-103.6281624,,,,
246,246,246,246,G4110,27890365525141,876795,8,76795,2413371,Telluride,Telluride town,43,A,C1,5755118, , ,N,N,37.9363338,-107.8268456,37.939664,-107.8181523,,1965.0,1.0,0.1
247,247,247,247,G4110,27890370836079,877290,8,77290,2412064,Thornton,Thornton city,25,A,C1,93042506,5238994, ,N,N,39.9196775,-104.943815,39.9194198,-104.9428083,,136868.0,6.0,5.0
248,248,248,248,G4110,27890352622246,877510,8,77510,2413391,Timnath,Timnath town,43,A,C1,17003540,65267, ,N,N,40.5337692,-104.9623021,40.5330903,-104.9611929,,3476.0,1.0,0.1
249,249,249,249,G4110,27890708082710,878610,8,78610,2412094,Trinidad,Trinidad city,25,A,C1,24305976,1008, ,N,N,37.1750385,-104.4907899,37.1731573,-104.4903263,,8080.0,2.0,1.0
250,250,250,250,G4110,27890100108168,879270,8,79270,2413409,Two Buttes,Two Buttes town,43,A,C1,642191, , ,N,N,37.5606642,-102.3965556,37.5606642,-102.3965556,,,,
251,251,251,251,G4110,27890337812534,880040,8,80040,2413415,Vail,Vail town,43,A,C1,12187562,39930, ,N,N,39.638531,-106.3611298,39.6377808,-106.3624688,,5479.0,2.0,1.0
252,252,252,252,G4110,27890710916041,880865,8,80865,2412153,Victor,Victor city,25,A,C1,743779, , ,N,N,38.7087383,-105.1418865,38.7087383,-105.1418865,,,,
253,253,253,253,G4110,27890100108169,881030,8,81030,2413433,Vilas,Vilas town,43,A,C1,331107, , ,N,N,37.3736643,-102.4474163,37.3736643,-102.4474163,,,,
254,254,254,254,G4110,27890349123024,881690,8,81690,2413437,Vona,Vona town,43,A,C1,573247, , ,N,N,39.3021195,-102.7433516,39.3021195,-102.7433516,,,,
255,255,255,255,G4110,27890347839496,882130,8,82130,2413440,Walden,Walden town,43,A,C1,868261, , ,N,N,40.731584,-106.2813362,40.731584,-106.2813362,,,,
256,256,256,256,G4110,27890706454796,882350,8,82350,2412176,Walsenburg,Walsenburg city,25,A,C1,7743482, , ,N,N,37.6305976,-104.7817194,37.6305976,-104.7817194,,2962.0,1.0,0.1
257,257,257,257,G4110,27890100108170,882460,8,82460,2413444,Walsh,Walsh town,43,A,C1,1158492, , ,N,N,37.3861073,-102.2799334,37.3861073,-102.2799334,,,,
258,258,258,258,G4110,27890701442021,882735,8,82735,2413449,Ward,Ward town,43,A,C1,1387021,3531, ,N,N,40.0721653,-105.5138849,40.0730396,-105.5147753,,,,
259,259,259,259,G4110,27890352622247,883230,8,83230,2413464,Wellington,Wellington town,43,A,C1,9401248,6659, ,N,N,40.6999916,-105.0053396,40.6993628,-105.0058733,,9272.0,2.0,1.0
260,260,260,260,G4110,27890703302318,883450,8,83450,2413471,Westcliffe,Westcliffe town,43,A,C1,3197837,4196, ,N,N,38.133944,-105.4653972,38.1342035,-105.4653063,,,,
261,261,261,261,G4110,27890700461502,883835,8,83835,2412237,Westminster,Westminster city,25,A,C1,81805754,5989548, ,N,N,39.8836899,-105.062453,39.8801223,-105.0615135,,112962.0,6.0,5.0
262,262,262,262,G4110,27890707232798,884440,8,84440,2412248,Wheat Ridge,Wheat Ridge city,25,A,C1,24199976,623968, ,N,N,39.7727597,-105.102855,39.7726754,-105.1048006,,31331.0,3.0,2.0
263,263,263,263,G4110,27890364470431,884770,8,84770,2413486,Wiggins,Wiggins town,43,A,C1,3425653,11299, ,N,N,40.2286756,-104.0724666,40.228425,-104.0721342,,1201.0,1.0,0.1
264,264,264,264,G4110,27890360813930,885045,8,85045,2413488,Wiley,Wiley town,43,A,C1,806090, , ,N,N,38.155324,-102.7191832,38.155324,-102.7191832,,,,
265,265,265,265,G4110,27890705596521,885155,8,85155,2413490,Williamsburg,Williamsburg town,43,A,C1,9147740, , ,N,N,38.3839838,-105.170993,38.3839838,-105.170993,,,,
266,266,266,266,G4110,27890352622248,885485,8,85485,2413496,Windsor,Windsor town,43,A,C1,66378923,3064100, ,N,N,40.4689215,-104.9198766,40.4782726,-104.9150527,,26806.0,3.0,2.0
267,267,267,267,G4110,27890342501841,885705,8,85705,2413502,Winter Park,Winter Park town,43,A,C1,43742734, , ,N,N,39.8784724,-105.7828431,39.8784724,-105.7828431,,,,
268,268,268,268,G4110,27890710916042,886090,8,86090,2412303,Woodland Park,Woodland Park city,25,A,C1,17122762,1969, ,N,N,38.9984994,-105.0593693,38.9982124,-105.0590191,,7555.0,2.0,1.0
269,269,269,269,G4110,27890366612366,886310,8,86310,2412310,Wray,Wray city,25,A,C1,9009897,7500, ,N,N,40.0800939,-102.2283552,40.0799527,-102.2286219,,2536.0,1.0,0.1
270,270,270,270,G4110,27890406899102,886475,8,86475,2413518,Yampa,Yampa town,43,A,C1,622426, , ,N,N,40.1530069,-106.9086322,40.1530069,-106.9086322,,,,
271,271,271,271,G4110,27890366612367,886750,8,86750,2412329,Yuma,Yuma city,25,A,C1,8214257,100166, ,N,N,40.1234821,-102.7161231,40.1225105,-102.7156364,,3479.0,1.0,0.1
